"PRODUKT","KATEGORIA","SKLEP","DATA ZAKUPU","CENA"
"mysz komputerowa","komputerowe","New Electronics","2021-02-12","98"
"czekolada","spożywcze","XYZ Market","2021-04-09","11,99"
"dysk SSD M.2 NVMe 960GB","komputerowe","New Electronics","2021-07-23","890"
"koszyk rowerowy","rowerowe","Dętka.pl","2021-07-23","75"
"Gazeta Codzienna","domowe","XYZ Market","2021-06-09","4,99"
"firanka","domowe","Dla domu Kowalski","2021-07-23","53"
"biurko","domowe","Meble Kozik","2021-05-04","917"
"ser biały półtłusty","spożywcze","Sklep UMA","2021-03-19","5,43"
"Gazeta Codzienna","domowe","XYZ Market","2021-11-14","5,99"
