{
    "imie": "Karol",
    "nazwisko": "Mackiewicz",
    "nrTel": "600 100 300",
    "metody": {
        "wypisz": "    def wypisz(self):\n        if self.imie or self.nazwisko or self.nrTel:\n            print(\"\\tOto dane osoby:\")\n            if self.imie:\n                print(f\"\\t\\tImi\u0119: {self.imie}\")\n            if self.nazwisko:\n                print(f\"\\t\\tNazwisko: {self.nazwisko}\")\n            if self.nrTel:\n                print(f\"\\t\\tNr telefonu: {self.nrTel}\")\n            print()\n        else:\n            print(\"\\tNie podano \u017cadnych danych o osobie.\")\n"
    }
}