{
    "imie": "Anna",
    "nazwisko": "Kowalska",
    "nrTel": "603 500 400",
    "mscZatr": "Kowal Inwest",
    "stanowisko": "specjalista ds. kadr",
    "metody": {
        "wypisz": "    def wypisz(self):\n        super().wypisz()\n        if self.mscZatr or self.stanowisko:\n            print(\"\\tOto dane dotycz\u0105ce zatrudnienia:\")\n            if self.mscZatr:\n                print(f\"\\t\\tMiejsce zatrudnienia: {self.mscZatr}\")\n            if self.stanowisko:\n                print(f\"\\t\\tStanowisko: {self.stanowisko}\")\n            print()\n        else:\n            print(\"\\tNie podano \u017cadnych danych o zatrudnieniu.\\n\\n\")\n"
    }
}